model,subject,condition,mu_r2,beta_r2
cbramod,1,clean,0.24039284267000405,-0.592835951828778
cbramod,3,clean,0.16495450844445347,0.5217174906858784
cbramod,6,clean,-0.30739161725586106,-0.011003199542690911
cbramod,8,clean,-0.018866063556688184,-2.4798332121008384
cbramod,9,clean,-0.37166108690911015,0.4126248019439953
cbramod,11,clean,-0.31209564614768825,-0.7963757965192033
cbramod,12,clean,0.02528567192800013,-0.22856090682236418
cbramod,14,clean,0.18239809036400956,0.028126719002541267
cbramod,15,clean,-0.2558835108090636,0.13021455261842518
cbramod,16,clean,0.23385384524023956,-1.6489191173856286
cbramod,17,clean,-1.6331014335249479,0.2634419617410828
cbramod,18,clean,-1.0547951213496538,0.14145665505968863
cbramod,19,clean,0.023122628769970066,0.3458736092166179
cbramod,21,clean,0.27205103707230693,0.6996310260821821
cbramod,22,clean,-0.2318119380812047,0.14559872601111024
cbramod,25,clean,-0.323085618107672,-0.21342138960239287
cbramod,26,clean,0.04963278005457883,0.5257589247260261
cbramod,29,clean,0.09877866438579341,0.44941560812832326
cbramod,1,frozen_erased,-0.13250675767465192,-1.3755730411144396
cbramod,3,frozen_erased,-0.2529085521131136,-0.058626511939123604
cbramod,6,frozen_erased,-0.11236028203064552,-2.288907207067428
cbramod,8,frozen_erased,-0.008449600051361417,-1.2372890927170364
cbramod,9,frozen_erased,-0.10239367669542676,-3.06424465164032
cbramod,11,frozen_erased,-0.15408076938735626,-0.2620889142531717
cbramod,12,frozen_erased,-0.2509183376543187,-1.5256897370404903
cbramod,14,frozen_erased,-0.29216720675956465,-0.06861979732754797
cbramod,15,frozen_erased,-0.19826102724397998,-0.39920725926604805
cbramod,16,frozen_erased,-0.00015656939059693897,-6.331345627012317
cbramod,17,frozen_erased,-2.013779340160064,-0.9711260296204689
cbramod,18,frozen_erased,-0.4469871886826109,-0.024503751642590776
cbramod,19,frozen_erased,-0.08444166283573118,-0.15707521606628871
cbramod,21,frozen_erased,-0.30303364656977494,-0.13180615232062798
cbramod,22,frozen_erased,-1.4247087570214685,-0.0009986104349546387
cbramod,25,frozen_erased,-0.30597851507354124,-0.02494575237003427
cbramod,26,frozen_erased,-0.19270936026177887,-0.09614005439530149
cbramod,29,frozen_erased,-0.06443457591217538,-0.0005174887251708782
cbramod,1,recovered,0.06003317163678357,-0.4847414415466085
cbramod,3,recovered,0.019030559863305596,0.5763140877696188
cbramod,6,recovered,-0.4940387952837004,-1.3674860596847949
cbramod,8,recovered,-0.09615772174784443,-1.007660761619182
cbramod,9,recovered,-0.3627944349498029,-0.29672666959811234
cbramod,11,recovered,-0.13953842104605574,-1.2479504775209107
cbramod,12,recovered,-0.03431637876730975,-0.9333797632393139
cbramod,14,recovered,0.12242977380632081,0.10967470510477306
cbramod,15,recovered,-0.4863975651747243,0.006730584250515537
cbramod,16,recovered,0.23456236249622797,-1.5495161374223185
cbramod,17,recovered,-2.3677609660099446,-0.6065246337898278
cbramod,18,recovered,-0.34248396457191643,-0.6527377197074697
cbramod,19,recovered,-0.1585289693100298,0.05977485088900858
cbramod,21,recovered,0.16196704945369722,0.5810455877091887
cbramod,22,recovered,-0.5997025266714064,-0.04639596388057554
cbramod,25,recovered,-0.02694103500710132,-0.4037004807207696
cbramod,26,recovered,0.2181882689882646,0.460412395551147
cbramod,29,recovered,-0.08540446054093831,-0.03338563708741482
cbramod,1,random_31,0.24324061507364436,-0.5678104735098743
cbramod,3,random_31,0.15783793240765465,0.5181032745539054
cbramod,6,random_31,-0.2811182140965751,-0.036768068401302534
cbramod,8,random_31,-0.015291620967374797,-2.5250803486778617
cbramod,9,random_31,-0.34193021567550264,0.44109037531110185
cbramod,11,random_31,-0.32887582124203774,-0.7964402193850801
cbramod,12,random_31,0.01905427731123177,-0.2354834280216207
cbramod,14,random_31,0.1854210864379977,0.03576362339834682
cbramod,15,random_31,-0.2589160902242691,0.11300508717358348
cbramod,16,random_31,0.23746813969163605,-1.551202857994395
cbramod,17,random_31,-1.6194269818221874,0.24767200479834395
cbramod,18,random_31,-1.0615069813695817,0.1322531067551983
cbramod,19,random_31,0.015166864384052237,0.347114998740659
cbramod,21,random_31,0.26738500749441363,0.6947841907643936
cbramod,22,random_31,-0.22991555439502154,0.14747239437063742
cbramod,25,random_31,-0.33755341507024306,-0.2037922066646647
cbramod,26,random_31,0.08478035822294994,0.5202752756162934
cbramod,29,random_31,0.09732977206392601,0.44967891118807457
cbramod,1,random_71,0.23452199435407095,-0.6068210914505676
cbramod,3,random_71,0.14665037394796754,0.5308677235787741
cbramod,6,random_71,-0.33167017480002703,-0.002320599969354742
cbramod,8,random_71,-0.011970808178358716,-2.4689769941546205
cbramod,9,random_71,-0.47756392500632217,0.41577078825681435
cbramod,11,random_71,-0.2896599157040165,-0.7856627169450188
cbramod,12,random_71,0.025652949622704813,-0.22385223134629229
cbramod,14,random_71,0.18554463156252976,0.048659300522901794
cbramod,15,random_71,-0.23848965891630391,0.12653355726646642
cbramod,16,random_71,0.20447532872822305,-1.7183212208621113
cbramod,17,random_71,-1.9404299077814184,0.19135439354200323
cbramod,18,random_71,-1.0523373319874127,0.13484696291411835
cbramod,19,random_71,0.013941110459243511,0.3565572793856794
cbramod,21,random_71,0.2894537085473875,0.6964989622418687
cbramod,22,random_71,-0.2580751857555399,0.1442880741476319
cbramod,25,random_71,-0.25742991860277464,-0.2058475646210869
cbramod,26,random_71,-0.00037453751610372343,0.5432934945552375
cbramod,29,random_71,0.10061625446480238,0.45258484427291024
cbramod,1,random_113,0.2230972800533696,-0.5982189933053772
cbramod,3,random_113,0.15766069407293115,0.5274835620985099
cbramod,6,random_113,-0.3522780226069122,-0.015082468353298406
cbramod,8,random_113,-0.010884826862811448,-2.4663782682469764
cbramod,9,random_113,-0.4810345540520573,0.4161737430881226
cbramod,11,random_113,-0.2935498146788289,-0.7308331714584484
cbramod,12,random_113,0.03683870032597625,-0.22928905730102156
cbramod,14,random_113,0.17655615689119697,0.017689342250197138
cbramod,15,random_113,-0.2804392819570001,0.12639051026390047
cbramod,16,random_113,0.2142364776005563,-1.6322664479396436
cbramod,17,random_113,-1.7158121988404758,0.26072873116665307
cbramod,18,random_113,-1.0161127280970867,0.14030308860290563
cbramod,19,random_113,0.03313828190110679,0.33780832078293377
cbramod,21,random_113,0.2719927699290755,0.6991209895277462
cbramod,22,random_113,-0.21652396010586816,0.16245715143880157
cbramod,25,random_113,-0.34194213465045387,-0.25876342322347545
cbramod,26,random_113,0.0919232239698956,0.5227005002071512
cbramod,29,random_113,0.0912724899063786,0.43602052468228303
labram,1,clean,0.07748564972324656,-0.2957167807554364
labram,3,clean,-0.23725664935472257,0.3894865752085672
labram,6,clean,-0.3560459484749714,0.012825512433906394
labram,8,clean,0.23270250572463247,-0.2629631791753322
labram,9,clean,-0.22946998895767745,0.54955673476505
labram,11,clean,-0.01581944406664415,-0.12294233470909965
labram,12,clean,0.03281722626447503,-0.31840727079008846
labram,14,clean,0.2659432086468313,-0.40333126739300984
labram,15,clean,-0.07298590653287396,0.18184136675458196
labram,16,clean,-0.029612284624511487,-1.2814181721476965
labram,17,clean,-0.5729390164357153,0.01916995142313105
labram,18,clean,-0.5675391421659572,0.06537889433892097
labram,19,clean,0.14033434385632648,0.23010735371270086
labram,21,clean,0.3102835879496846,0.4643756118786876
labram,22,clean,-1.2537942967512148,0.04920704999793912
labram,25,clean,-0.02068817087317565,-0.31881516747755057
labram,26,clean,0.38509400358257506,0.8213707110802182
labram,29,clean,0.05551861640307465,0.41507763951334264
labram,1,frozen_erased,-0.035377168457555674,-0.23221744804932043
labram,3,frozen_erased,-0.9278199444449899,-1.0586113917167048
labram,6,frozen_erased,-1.2659424333971927,-2.1627463402370983
labram,8,frozen_erased,-0.005678586160621002,-0.8152715612509611
labram,9,frozen_erased,-0.003025412692803986,-0.3408765329834984
labram,11,frozen_erased,-0.8031760963711645,-3.358706607381899
labram,12,frozen_erased,-0.0018304364419674535,-1.464435764251045
labram,14,frozen_erased,-0.00025930533789852994,-0.04667513976311444
labram,15,frozen_erased,-1.3852000578987056,-0.35083901142267626
labram,16,frozen_erased,-0.043557971032664344,-0.39273790067991965
labram,17,frozen_erased,-1.4321935028867374,-4.194231323579616
labram,18,frozen_erased,-1.5750155737026312,-0.9567272614405009
labram,19,frozen_erased,-0.6254674159107922,-0.1322174665983955
labram,21,frozen_erased,-0.17473565973631544,-0.4310616418310371
labram,22,frozen_erased,-2.8914780621930785,-1.430494717019402
labram,25,frozen_erased,-0.9760889267632884,-1.1793160384415202
labram,26,frozen_erased,-0.6867735174638208,-0.012420387097850094
labram,29,frozen_erased,-0.49786382926433026,-0.0018557659588172015
labram,1,recovered,-0.02454602181134935,-0.5180184134109678
labram,3,recovered,-0.18550551260626902,0.3206612642098706
labram,6,recovered,-0.6867843986069655,-0.16418494508678472
labram,8,recovered,0.13856058188671505,-0.7610622175849007
labram,9,recovered,-0.7656415146790438,0.20120533994078982
labram,11,recovered,-0.23313323297880983,-0.494424038396557
labram,12,recovered,-0.04089199404774302,-0.31943576869892354
labram,14,recovered,0.1180013997757473,-1.1033081368077862
labram,15,recovered,-0.22312886177015367,-0.01724766061478089
labram,16,recovered,-0.2010990349588202,-1.309722093641454
labram,17,recovered,-1.0145322300891797,0.2580584910317273
labram,18,recovered,-0.6513347303744064,0.06830009090798306
labram,19,recovered,-0.19931548315245995,0.11020646824395408
labram,21,recovered,0.22321229148731647,0.3208016500596056
labram,22,recovered,-1.0437658804020504,-0.1161419938757755
labram,25,recovered,-0.08972673618606342,-0.1486369047912539
labram,26,recovered,0.44601335593976654,0.7839649836751635
labram,29,recovered,-0.07873334204445515,0.40891426377130813
labram,1,random_31,0.06414429968490554,-0.3121835321507911
labram,3,random_31,-0.23088476732353125,0.40366783140804996
labram,6,random_31,-0.3952871643314284,-0.02275266343740845
labram,8,random_31,0.23148470244844077,-0.27239156334224957
labram,9,random_31,-0.24858401349597425,0.5424255741747623
labram,11,random_31,-0.014351975307075104,-0.13524566987303
labram,12,random_31,0.01589814664482958,-0.2782119142740702
labram,14,random_31,0.2540115603263826,-0.3853834648296508
labram,15,random_31,-0.08241524293380631,0.20421381645160352
labram,16,random_31,-0.031815041266219035,-1.2670151508044585
labram,17,random_31,-0.6234286542998648,-0.04178672013950968
labram,18,random_31,-0.5340647631130193,0.06457766122347786
labram,19,random_31,0.13344244801888205,0.2337188676889106
labram,21,random_31,0.3095645680394058,0.4639981695551356
labram,22,random_31,-1.2712904680743327,0.028710654528378732
labram,25,random_31,-0.031606901396278086,-0.2880949346750923
labram,26,random_31,0.3771412920377981,0.8225357584979226
labram,29,random_31,0.04694193018917925,0.40064871044973993
labram,1,random_71,0.07691406875786044,-0.29508417211489957
labram,3,random_71,-0.23773885408722895,0.40024697715201873
labram,6,random_71,-0.6962349872203266,0.022655404077078112
labram,8,random_71,0.23566076635937028,-0.27332818295120753
labram,9,random_71,-0.22437877393058026,0.5469863239492354
labram,11,random_71,-0.014811710481284157,-0.13745256115915638
labram,12,random_71,0.049364156857711006,-0.2880758377309425
labram,14,random_71,0.24701533275693932,-0.3909214962931018
labram,15,random_71,-0.3405530191482582,0.19176291320678696
labram,16,random_71,-0.029872941107874418,-1.2816255365242561
labram,17,random_71,-0.5687029664005052,0.020080583063069146
labram,18,random_71,-0.5766331143854633,0.05657704671874564
labram,19,random_71,0.28013066067387815,0.23903075741257673
labram,21,random_71,0.3124834656310792,0.4625758470616662
labram,22,random_71,-1.2763607828205332,0.054214913371141815
labram,25,random_71,-0.022533184830183073,-0.3346993323897698
labram,26,random_71,0.3856685404759701,0.8217425128351437
labram,29,random_71,-0.11454484168365786,0.4109829866240394
labram,1,random_113,0.061944989457350275,-0.29495674770478053
labram,3,random_113,-0.23014844366111897,0.1611846554906633
labram,6,random_113,-0.7140395566893176,0.028762878106846967
labram,8,random_113,0.23702329462516736,-0.27071640152798904
labram,9,random_113,-0.23428827521841478,0.5610331508758423
labram,11,random_113,-0.026484752748655804,-0.4137684581319334
labram,12,random_113,0.03602102281348463,-0.31713311955890755
labram,14,random_113,0.26545579700404787,-0.392615942553205
labram,15,random_113,-0.3757869603384909,0.1732168857224845
labram,16,random_113,-0.02102187606045236,-1.2423091472112389
labram,17,random_113,-0.5846995813360809,0.010800607005709506
labram,18,random_113,-0.5449889038697557,-0.10060901993470073
labram,19,random_113,0.28408847434790074,0.22932754813489065
labram,21,random_113,0.3164441449269463,0.4643367482419889
labram,22,random_113,-1.2419493982592344,-0.39118116253443613
labram,25,random_113,-0.028706118833271566,-0.6400427110320306
labram,26,random_113,0.3841406668844053,0.8056849918202833
labram,29,random_113,-0.1629869037920999,0.4191826971842306
csbrain,1,clean,-0.048639405311965644,-0.6027450795834761
csbrain,3,clean,-0.038593395483318416,0.11979811906238502
csbrain,6,clean,-0.4405493887031575,-0.40207739520453245
csbrain,8,clean,-0.04395504924078408,-0.6634283073003293
csbrain,9,clean,-0.14350204073761685,0.4704877855498836
csbrain,11,clean,-0.3143512088534397,-0.2715896805021303
csbrain,12,clean,-0.005080154002236048,-0.49741922662911353
csbrain,14,clean,-0.1534906894395458,-0.32151341176613735
csbrain,15,clean,-0.6734118244948444,-0.12747946737167082
csbrain,16,clean,-0.3624477564845763,-0.9370743261811012
csbrain,17,clean,-3.1877573581337764,-1.643749804495374
csbrain,18,clean,-0.3705648248151836,-0.5507069958854831
csbrain,19,clean,-0.23075577031873196,0.20408810635915353
csbrain,21,clean,-0.34803557451071576,0.0205223915112982
csbrain,22,clean,-0.7704526683531332,-0.46548199520609
csbrain,25,clean,-0.44306120260495585,-1.102388375502601
csbrain,26,clean,-0.13625991922374436,-0.1939924780876432
csbrain,29,clean,-0.37525653961768324,-0.07382823889266277
csbrain,1,frozen_erased,-0.07303679534523111,-2.1813097542833653
csbrain,3,frozen_erased,-0.5821840131745295,-0.14006769085074233
csbrain,6,frozen_erased,-0.09818952286527738,-0.06226394666801882
csbrain,8,frozen_erased,-0.2612905844993656,-4.472171171714433
csbrain,9,frozen_erased,-0.403688733405432,-0.013851301711518937
csbrain,11,frozen_erased,-0.45850177679051174,-0.27329741808089536
csbrain,12,frozen_erased,-0.26621091250371265,-0.2369508944938694
csbrain,14,frozen_erased,-0.30904849783382926,-1.231445217942683
csbrain,15,frozen_erased,-0.18064777559098055,-0.3010550763071902
csbrain,16,frozen_erased,-0.6162959156884629,-0.25962490509070757
csbrain,17,frozen_erased,-0.38130144413690337,-7.219463006612456
csbrain,18,frozen_erased,-0.9998560564244248,-1.0930391994685063
csbrain,19,frozen_erased,-0.07659100054252899,-0.337517897750339
csbrain,21,frozen_erased,-0.005312575781613038,-1.6120541678034055
csbrain,22,frozen_erased,-2.190369751264201,-0.9868205995835448
csbrain,25,frozen_erased,-0.6381545439576366,-1.282506293404202
csbrain,26,frozen_erased,-0.4345481806991811,-0.4099802653134099
csbrain,29,frozen_erased,-0.0582469692133869,-0.3971060821052801
csbrain,1,recovered,-0.1647488507531618,-0.4902708997711287
csbrain,3,recovered,-0.2246619941185577,0.08733062576275274
csbrain,6,recovered,-0.4970441258445535,-1.0849884112359338
csbrain,8,recovered,-0.045452152952850655,-0.4477455074406351
csbrain,9,recovered,-0.3030809220150754,0.5667242625205049
csbrain,11,recovered,-0.23890348859899357,-0.3532462397889935
csbrain,12,recovered,-0.04169291499328365,-0.840338697670864
csbrain,14,recovered,-0.16454036136875372,-0.01296488371772897
csbrain,15,recovered,-0.9465317548665451,-0.2065440788830235
csbrain,16,recovered,-0.19889865357925474,-1.2755896248541507
csbrain,17,recovered,-1.8163643970967511,-1.7245562962949084
csbrain,18,recovered,-0.38137726786803894,-0.4396260553841562
csbrain,19,recovered,-0.3223974212174685,-0.024637208464713733
csbrain,21,recovered,-0.46414100863576335,-0.016662083153905716
csbrain,22,recovered,-1.4486414421861773,-0.40085618516965815
csbrain,25,recovered,-0.40166785579186204,-0.9801679034294175
csbrain,26,recovered,-0.2490502763653779,-0.11136977371488377
csbrain,29,recovered,-0.44411301279055393,-0.04529347860466615
csbrain,1,random_31,-0.04383575916634874,-0.5959717724204174
csbrain,3,random_31,-0.032611964297458496,0.1253309266684528
csbrain,6,random_31,-0.4409661349292089,-0.8581336095384415
csbrain,8,random_31,-0.05811755407606123,-0.6358383719461715
csbrain,9,random_31,-0.1538322591639305,0.46939613758471377
csbrain,11,random_31,-0.31838394608089704,-0.2752313193842262
csbrain,12,random_31,0.006548480276655222,-0.7696782632552324
csbrain,14,random_31,-0.17149013316493011,-0.0658883879210912
csbrain,15,random_31,-0.6788781051324568,-0.11543994362331134
csbrain,16,random_31,-0.35463943444123447,-0.9401711613095916
csbrain,17,random_31,-3.1627771822152377,-1.563648154604707
csbrain,18,random_31,-0.3722800838918461,-0.5665455714492715
csbrain,19,random_31,-0.24760923979500005,0.05216024038998501
csbrain,21,random_31,-0.3599281293684422,0.01590158236406547
csbrain,22,random_31,-0.7492955090754234,-0.45805251907734923
csbrain,25,random_31,-0.4485361668002945,-1.1104232972313453
csbrain,26,random_31,-0.142620705490196,-0.198749656613884
csbrain,29,random_31,-0.3601390785071483,-0.04634304893424712
csbrain,1,random_71,-0.025717795322042436,-0.5693162885775731
csbrain,3,random_71,-0.040125779668767736,0.12052314504028305
csbrain,6,random_71,-0.4352396682988833,-0.3671523644564523
csbrain,8,random_71,-0.02878786271430278,-0.6705591548295453
csbrain,9,random_71,-0.16949584822812325,0.484485255347313
csbrain,11,random_71,-0.32103573857074097,-0.2634890154639322
csbrain,12,random_71,-0.008431215739315157,-0.5046566901633831
csbrain,14,random_71,-0.15314327388582982,-0.2807592476287415
csbrain,15,random_71,-0.6748495091057809,-0.13274469759353402
csbrain,16,random_71,-0.30373066309143537,-0.9400048183435095
csbrain,17,random_71,-3.309942130438981,-1.496839888163442
csbrain,18,random_71,-0.3663052957295827,-0.5296505340367428
csbrain,19,random_71,-0.23656069343686204,0.1952195199176251
csbrain,21,random_71,-0.3359891956023109,0.020697328163004958
csbrain,22,random_71,-0.7622763429219297,-0.44660208279540736
csbrain,25,random_71,-0.43451119105032276,-1.0608225629469374
csbrain,26,random_71,-0.13287319683408394,-0.19065126160126522
csbrain,29,random_71,-0.36892173047624777,-0.07217900293039259
csbrain,1,random_113,-0.03906007193966077,-0.5936358048477917
csbrain,3,random_113,-0.04249177128007409,0.11496664554746328
csbrain,6,random_113,-0.4575806714279991,-0.9097360291373511
csbrain,8,random_113,-0.04168149365478735,-0.6660721746302241
csbrain,9,random_113,-0.1335660036984101,0.5067267459051453
csbrain,11,random_113,-0.3142342980082622,-0.26309080539000385
csbrain,12,random_113,-0.008160202445037346,-0.7494474457710141
csbrain,14,random_113,-0.15528043984477735,-0.06417224844329028
csbrain,15,random_113,-0.6929170568012237,-0.11391918496657505
csbrain,16,random_113,-0.3684393401441164,-0.9617628602009523
csbrain,17,random_113,-3.02776874268229,-1.546591996684846
csbrain,18,random_113,-0.364563786949212,-0.5461768085324121
csbrain,19,random_113,-0.22663730149518213,0.062048766598237326
csbrain,21,random_113,-0.35905241941255017,-0.0004948233276562686
csbrain,22,random_113,-0.7651089943684661,-0.4724370130971234
csbrain,25,random_113,-0.44207331813200956,-1.0938594254342098
csbrain,26,random_113,-0.1370651960222451,-0.19033487913256342
csbrain,29,random_113,-0.38287573856930646,-0.042355977652682286
